<?xml version="1.0" encoding="UTF-8"?>
<beans xmlns="http://www.springframework.org/schema/beans"
	xmlns:xsi="http://www.w3.org/2001/XMLSchema-instance"
	xsi:schemaLocation="http://www.springframework.org/schema/beans http://www.springframework.org/schema/beans/spring-beans.xsd">
	
			
		<!-- Calculator calculator = new Calculator();		
		MyCalculator myCalculator = new MyCalculator();
		
		myCalculator.setCalculator(new Calculator());
		
		myCalculator.setFirstNum(10);
		myCalculator.setSecondNum(2);
		
		myCalculator.add(); -->
	
	
	
	<!-- Calculator calculator = new com.javalec.ex.Calculator(); -->
	<bean id="calculator" class="com.javalec.ex.Calculator"/>
	<bean id="myCalculator" class="com.javalec.ex.MyCalculator">
		<property name="calculator">
			<ref bean="calculator"/>
		</property>
		<property name="firstNum" value="10"></property>
		<property name="secondNum" value="2"></property>
	
	</bean>
	
	
	<bean id="rectangle" class="com.javalec.ex.shape.Rectangle">
		<property name="height" value="10"></property>
		<property name="width" value="100"></property>
	</bean>


</beans>
