<?xml version="1.0" encoding="UTF-8"?>
<beans xmlns="http://www.springframework.org/schema/beans"
	xmlns:xsi="http://www.w3.org/2001/XMLSchema-instance"
	xsi:schemaLocation="http://www.springframework.org/schema/beans http://www.springframework.org/schema/beans/spring-beans.xsd">
		
	<bean id="student1" class="com.javalec.ex.student.Student">
		<constructor-arg value="홍길동"/>
		<constructor-arg value="10"/>
		<constructor-arg>
			<list>
				<value>수영</value>
				<value>요리</value>
				<value>독서</value>
				<value>프로그램밍 프로젝트</value>
			</list>
		</constructor-arg>
		
		<property name="height">
			<value>187</value>
		</property>
		
		<property name="weight" value="84"/>
		
	</bean>

	<bean id="studentInfo1" class="com.javalec.ex.student.StudentInfo">
		<property name="student">
			<ref bean="student1"/>
		</property>	
	</bean>


</beans>
