<?xml version="1.0" encoding="UTF-8"?>
<!DOCTYPE log4j:configuration SYSTEM "http://logging.apache.org/log4j/1.2/apidocs/org/apache/log4j/xml/doc-files/log4j.dtd">
<log4j:configuration
	xmlns:log4j="http://jakarta.apache.org/log4j/">

	<!-- Appenders -->
	<appender name="console"
		class="org.apache.log4j.ConsoleAppender">
		<param name="Target" value="System.out" />
		<layout class="org.apache.log4j.PatternLayout">
			<param name="ConversionPattern"
				value="[%d{yyyy-MM-dd HH:mm:ss}] %-5p: %c - %m%n" />
		</layout>
	</appender>

	<appender name="fileLogger"
		class="org.apache.log4j.DailyRollingFileAppender">
		<param name="file" value="d://logs//spring//spring.Log" />
		<param name="Append" value="true" />
		<param name="dataPattern" value=".yyyy-MM-dd" />
		<layout class="org.apache.log4j.PatternLayout">
			<param name="ConversionPattern"
				value="[%d{yyyy-MM-dd HH:mm:ss}] %-5p: %F:%L - %m%n" />
		</layout>
	</appender>

	<!-- Application Loggers -->
	<logger name="edu.bit.board">
		<level value="info" />
	</logger>

	<!-- 3rdparty Loggers -->
	<logger name="org.springframework.core">
		<level value="info" />
	</logger>

	<logger name="org.springframework.beans">
		<level value="info" />
	</logger>

	<logger name="org.springframework.context">
		<level value="info" />
	</logger>

	<logger name="org.springframework.web">
		<level value="info" />
	</logger>
	
  <!--   예를 들어 로깅 레벨 설정을 "INFO"로 하였을 경우 "TRACE", "DEBUG" 레벨은 무시한다. -->

  <!-- 출력되는 로그의 양 순서 : ERROR < WARN < INFO < DEBUG < TRACE -->         
  <!-- com.freedy.sample 하위 패키지에서 로그설정 -->
  <!-- additivity가 false인 경우 상위로거의 설정값을 상속받지 않는다. -->
  
<!--  - jdbc.sqlonly : SQL문만을 로그로 남기며, PreparedStatement일 경우 관련된 argument 값으로 대체된 SQL문이 보여진다. 
 - jdbc.sqltiming : SQL문과 해당 SQL을 실행시키는데 수행된 시간 정보(milliseconds)를 포함한다. 
 - jdbc.audit : ResultSet을 제외한 모든 JDBC 호출 정보를 로그로 남긴다. 
 - jdbc.resultset : ResultSet을 포함한 모든 JDBC 호출 정보를 로그로 남긴다.
 - jdbc.resultsettable : SQL 결과 조회된 데이터의 table을 로그로 남긴다. -->

	<!-- SQL Logger -->

	<logger name="jdbc.sqltiming" additivity="false">
		<level value="warn" />
		<appender-ref ref="console" />
	</logger>

	<logger name="jdbc.sqlonly" additivity="false">
		<level value="info" />
		<appender-ref ref="console" />
	</logger>

	<logger name="jdbc.audit" additivity="false">
		<level value="warn" />
		<appender-ref ref="console" />
	</logger>

	<logger name="jdbc.resultset" additivity="false">
		<level value="warn" />
		<appender-ref ref="console" />
	</logger>

	<logger name="jdbc.resultsettable" additivity="false">
		<level value="info" />
		<appender-ref ref="console" />
	</logger>

	<!-- Root Logger -->
	<root>
		<priority value="info" />
		<appender-ref ref="console" />
	</root>

</log4j:configuration>