<?xml version="1.0" encoding="UTF-8" ?>
<!DOCTYPE mapper
  PUBLIC "-//mybatis.org//DTD Mapper 3.0//EN"
  "http://mybatis.org/dtd/mybatis-3-mapper.dtd">
<mapper namespace="edu.kosmo.ex.mapper.BoardMapper">

	<select id="getList" resultType="edu.kosmo.ex.vo.BoardVO">
   <![CDATA[
      select * from mvc_board order by bgroup desc, bstep asc
   ]]>
	</select>

	<select id="read" resultType="edu.kosmo.ex.vo.BoardVO">
   <![CDATA[
      select * from mvc_board where bid = #{bid}
   ]]>
	</select>

	<insert id="insert">
   <![CDATA[
      insert into mvc_board (bId, bName, bTitle, bContent, bHit, bGroup, bStep, bIndent) values (mvc_board_seq.nextval, #{bname}, #{btitle}, #{bcontent}, 0, mvc_board_seq.currval, 0, 0)

   ]]>
	</insert>

	<!-- 댓글을 하나씩 미뤄서 정렬을 해줘야하기때문에 세로정렬을 bstep에 +1로 한칸씩 미뤄내줘야한다 -->
	<update id="updateShape">
	<![CDATA[
		update mvc_board set bstep = bstep+1 where bgroup = #{bgroup} and bstep > #{bstep}
	]]>
	</update>

	<insert id="insertReply">
	<![CDATA[
		insert into mvc_board (bId, bName, bTitle, bContent, bGroup, bStep, bIndent) values (mvc_board_seq.nextval, #{bname}, #{btitle},#{bcontent}, #{bgroup}, #{bstep}+1, #{bindent}+1)
	]]>
	</insert>

	<delete id="delete">
	<![CDATA[
		delete from mvc_board where bid = #{bid}
	]]>
	</delete>

	<update id="update">
		<![CDATA[
		update mvc_board set bname = #{bname}, btitle = #{btitle}, bcontent = #{bcontent} where bid = #{bid}
	]]>
	</update>

	<update id="updateHit">
		<![CDATA[
		update mvc_board set bhit = bhit +1 where bid = #{bid}
	]]>
	</update>

	<select id="getTotalCount" resultType="int">
   <![CDATA[
      select count(*) from mvc_board
   ]]>
	</select>

	<!-- 열개씩 뽑아내는거 한페이지에 출력해주는 역할 -->
	<select id="getListWithPaging"
		resultType="edu.kosmo.ex.vo.BoardVO">
   <![CDATA[
               SELECT * FROM (
              SELECT ROWNUM AS RNUM, A.* FROM (
                       SELECT
                             *
                         FROM
                             mvc_board 
                         order by bGroup desc, bStep asc   
             ) A WHERE ROWNUM <= #{pageNum} * #{amount}
         ) WHERE RNUM > (#{pageNum}-1) * #{amount}
      
   
   ]]>
	</select>

</mapper>
